0,,2,Moxxi's Bouncing Pair - M,GRND,5,M,111,VL,1,Shiv,Covenant Pass,Story Mission,
0,,2,Ripper - M,SMG,5,M,147,VL,2,Shiv,Covenant Pass,Story Mission,
0,,2,Linoge,PSTL,5,0,98,VL,3,Lavender Crawley,The Droughts,Legendary Hunt,
0,,2,Predatory Lending,SMG,5,0,130,VL,4,Lavender Crawley,The Droughts,Legendary Hunt,
0,,2,T.K's Wave/Shockwave/Heatwave,SHTGN,5,0,174,VL,5,Dumptruck,The Droughts,Dump on Dumptruck,
0,,2,Tidal Wave,SHTGN,5,0,175,VL,6,Dumptruck,The Droughts,Dump on Dumptruck,
0,,1,"Hunt(ed), The",SNPR,3,0,10,U,7,Demoskaggons,The Droughts,Named Enemy,
0,,2,Monocle,SNPR,5,0,110,VL,8,Demoskaggons,The Droughts,Named Enemy,
0,,2,Night Hawkin^^,SMG,5,0,116,VL,9,Demoskaggons / Rakkman,The Droughts / Carnivora,Named Enemys,
0,,2,Bearcat - M,AR,5,M,25,VL,10,Trufflemunch,The Droughts,Skag Dog Days,
0,,2,Tunguska - M,LNCHR,5,M,194,VL,11,Mincemeat,The Droughts,Skag Dog Days,
0,,2,Barrage,AR,5,0,23,VL,12,Buttmunch,The Droughts,Skag Dog Days,
0,,2,Kill-o'-the-Wisp - M,SHTGN,5,M,91,VL,13,Under Taker,The Droughts,Under taker,
0,,2,Storm Front,GRND,5,0,171,VL,14,Under Taker,The Droughts,Under taker,
0,,2,Infiltrator (Zane),Com,5,0,86,VL,15,Skrakk,Ascension Bluff,Legendary Hunt,
0,,2,SkekSil,PSTL,5,0,162,VL,16,Skrakk,Ascension Bluff,Legendary Hunt,
0,,1,ECHO-2,GRND,1,0,5,U,17,Mouthpiece,Ascension Bluff,Story Mission,
0,,1,"Killing Word, The",PSTL,3,0,13,U,18,Mouthpiece,Ascension Bluff,Story Mission,
0,,2,Mind-Killer,SHTGN,5,0,108,VL,19,Mouthpiece,Ascension Bluff,Story Mission,
0,,2,Nemesis,PSTL,5,0,114,VL,20,Mouthpiece,Ascension Bluff,Story Mission,
0,,1,Crit,SMG,4,0,4,U,21,Moxxi,SANCTUARY,SANCTUARY - Tipping Moxxi,
0,,1,Hail,AR,3,0,6,U,22,Moxxi,SANCTUARY,SANCTUARY - Tipping Moxxi,
0,,2,Cutsman,SMG,5,0,46,VL,23,Borman Nates,Meridian Outskirts,Named Enemy,
0,,2,Psycho Stabber,PSTL,5,0,131,VL,24,Borman Nates,Meridian Outskirts,Named Enemy,
0,,2,Sawbar,AR,5,0,155,VL,25,Borman Nates,Meridian Outskirts,Named Enemy,
0,,2,Widowmaker,GRND,5,0,205,VL,26,Max,Meridian Outskirts,Maliwannabees,
0,,2,Messy Breakup,SHLD,5,0,106,VL,27,Rax,Meridian Outskirts,Maliwannabees,
0,,2,R.Y.N.A.H.^^,LNCHR,5,0,135,VL,28,Amber Lamps / Loot Enemies,Meridian Metroplex / Misc,Named Enemy Rare Spawn / Loot enemies,AMBER LAMPS is a true rare spawn
0,,2,Back Ham,SHLD,5,0,20,VL,29,Archer Rowe,Meridian Metroplex,Dynasty Diner - after Rise and Grind,
0,,2,Mind Sweeper,com,5,0,107,VL,30,Archer Rowe,Meridian Metroplex,Dynasty Diner - after Rise and Grind,
0,,2,Executor,Com,5,0,61,VL,31,Baron Noggin,Meridian Metroplex,Zero Tgt of Opportunity,
0,,2,Superball,PSTL,5,0,172,VL,32,Baron Noggin,Meridian Metroplex,Zero Tgt of Opportunity,
0,,2,Red Card,SHLD,5,0,142,VL,33,Gigamind,Meridian Metroplex,Story Mission,
0,,2,Smart Gun,SMG,5,0,165,VL,34,Gigamind,Meridian Metroplex,Story Mission,
0,,5,Cold Warrior (Zane) ***,Com,5,0,38,VL,35.1,Tremendous Rex,Cistern of Slaughter,Circle of Slaughter,
0,,5,Lyuda ^^,SNPR,5,0,102,VL,35.2,Tremendous Rex / Zero Tgt,Cistern of Slaughter / NA,Circle of Slaughter / Zero Tgt Reward,Zero Target of Opportunity Challenges
0,,2,Baby Maker ^^^,PSTL,5,0,19,VL,35.3,Alacritous Vanda / Brood Mother / CL4PTP Challenge,Cistern of Slaughter / Pyre of Stars / Misc,Circle of Slaughter / Legendary Hunt / Challenge,Broodmother is a true rare spawn
0,,2,Devoted ^^,SMG,5,0,53,VL,35.4,Alacritous Vanda / Brood Mother,Cistern of Slaughter / Pyre of Stars,Circle of Slaughter / Legendary Hunt,Broodmother is a true rare spawn
0,,2,Scourge^^,LNCHR,5,0,157,VL,35.5,Alacritous Vanda / Brood Mother,Cistern of Slaughter / Pyre of Stars,Circle of Slaughter / Legendary Hunt,Broodmother is a true rare spawn
0,,2,AAA,PSTL,5,0,16,VL,36,Warty,Lectra City,Named Enemy,
0,,2,Quasar,GRND,5,0,134,VL,37,Warty,Lectra City,Named Enemy,
0,,2,Black Hole,SHLD,5,0,28,VL,38,Wick,Lectra City,Named Enemy,
0,,2,Phebert,SHTGN,5,0,127,VL,39,Wick,Lectra City,Named Enemy,
0,,2,Carrier,AR,5,0,36,VL,40,Judge Hightower,Lectra City,Zero Tgt of Opportunity,
0,,2,Conference Call,SHTGN,5,0,40,VL,41,Judge Hightower,Lectra City,Zero Tgt of Opportunity,
0,,2,Crossbow,SNPR,5,0,44,VL,42,Urist McEnforcer,Lectra City,Named Enemy,
0,,2,Re-Charger,SHLD,5,0,137,VL,43,Urist McEnforcer,Lectra City,Named Enemy,
0,,2,One Pump Chump,SHTGN,5,0,122,VL,44,One Punch,Lectra City,Named Enemy Easter Egg,
0,,2,Sleeping Giant,SMG,5,0,164,VL,45,One Punch,Lectra City,Named Enemy Easter Egg,
0,,2,Krakatoa,SNPR,5,0,93,VL,46,Tumorhead,Lectra City,Proof of Wife,
0,,2,Rocketeer,ARTF,5,0,149,VL,47,Tumorhead,Lectra City,Proof of Wife,
0,,2,9-Volt,PSTL,5,0,15,VL,47.5,Killavolt,Lectra City,Kill Killavolt,
0,,5,"Monarch, The^^ - M6",AR,5,M6,359,M,48,Killavolt / Sera of Supremacy TT / GTD Bosses,Lectra City / Hall Obsidian / Shattered Tribunal,Kill Killavolt / Proving Grounds / GTD,True Trial only
0,,2,Chupa's Organ,GRND,5,0,37,VL,54,Chupacabratch,Athenas,Legendary Hunt,
0,,2,Nagata,GRND,5,0,113,VL,55,Chupacabratch,Athenas,Legendary Hunt,
0,,5,Tankman's Shield^^ - M4,SNPR,5,M4,368,M,56,Captain Traunt / MTD Bosses,Athenas / Midnight's Cairn,Story Mission / MTD,DECREASED chance M6 and above
0,,5,Kaoson^^ - M6,SMG,5,M6,358,M,57,Captain Traunt / GTD Bosses,Athenas / Shattered Tribunal,Story Mission / GTD,
0,,2,Front Loader,SHLD,5,0,70,VL,58,Private Beans,Athenas,Invasion of Privacy,
0,,2,Trevonator,SHTGN,5,0,191,VL,59,Private Beans,Athenas,Invasion of Privacy,
0,,2,Westergun^^,SMG,5,0,202,VL,60,Private Beans / King Gnasher,Athenas / Ambermire,Invasion of Privacy / Raiders of the Lost Rock,Level 18-20 - Resets level of Athenas Map / After Cold as the Grave
0,,2,Handsome Jackhammer,SMG,5,0,75,VL,61,Handsome Jackie,Skywell 27,Zero Tgt of Opportunity,
0,,2,Nimble Jack,SHTGN,5,0,117,VL,62,Handsome Jackie,Skywell 27,Zero Tgt of Opportunity,
0,,2,Lucian's Call^^,AR,5,0,101,VL,64,Dinklebot Loot-O-Grams / Blue Fire,Skywell 27 / Slaugherstar 3000,Rare Spawn / Circle of Slaughter / World Drop,Dinklebot Loot-o-gram redeem
0,,2,"Butcher, The^^",SHTGN,5,0,179,VL,64,Dinklebot / Raging Titan,Skywell 27 / Slaughter Shaft,Rare Spawn Named Enemy / Circle of Slaughter,Dinklebot Loot-o-gram redeem
0,,2,Brainstormer,SHTGN,5,0,32,VL,65,Katagawa Ball,Skywell 27,Story Mission,
0,,5,Multi-Tap^^ - M6,PSTL,5,M6,360,M,66,Katagawa Ball / GTD Bosses,Skywell 27 / Shattered Tribunal,Story Mission / GTD,
0,,2,Nova Berner,SHLD,5,0,119,VL,67,Power Troopers Onyx Ruby Citrine,Atlas HQ,Named Enemy,
0,,2,Star Helix,AR,5,0,167,VL,68,Power Troopers Onyx Ruby Citrine,Atlas HQ,Named Enemy,
0,,2,Surge,GRND,5,0,173,VL,69,Power Troopers Onyx Ruby Citrine,Atlas HQ,Named Enemy,
0,,2,Thunderball Fists,PSTL,5,0,188,VL,70,Power Troopers Onyx Ruby Citrine,Atlas HQ,Named Enemy,
0,,2,Destructo Spinner,SMG,5,0,50,VL,71,Power Troopers Sapphire Tourmaine,Atlas HQ,Named Enemy,
0,,2,Hyperfocus XZ41,SMG,5,0,84,VL,72,Power Troopers Sapphire Tourmaine,Atlas HQ,Named Enemy,
0,,2,Tran-Fusion,GRND,5,0,190,VL,73,Power Troopers Sapphire Tourmaine,Atlas HQ,Named Enemy,
0,,2,Vanquisher,SMG,5,0,197,VL,74,Power Troopers Sapphire Tourmaine,Atlas HQ,Named Enemy,
0,,2,Firestorm (Sniper) ^^,SNPR,5,0,66,VL,75,Katagawa Jr. / Red Jabber,Atlas HQ / Voracious Canopy,Story Mission /,
0,,2,Storm^^,SNPR,5,0,170,VL,76,Katagawa Jr. / Red Jabber,Atlas HQ / Voracious Canopy,Story Mission /,
0,,5,Sand Hawk^^ - M6,SNPR,5,M6,366,M,77,Katagawa Jr. / GTD Bosses,Atlas HQ / Shattered Tribunal,Story Mission / GTD,
0,,2,"Duc, The",PSTL,5,0,182,VL,78,The Rampager,Forgotten Basilica,Story Mission,
0,,5,Good Juju^^ - M4,AR,5,M4,356,M,79,The Rampager / MTD Bosses,Forgotten Basilica / MTD,Story Mission / MTD,
0,,2,Gunerang,PSTL,5,0,74,VL,80,Indo Tyrant,Floodmoor Basin,Named Enemy,
0,,2,Unforgiven,PSTL,5,0,195,VL,81,Indo Tyrant,Floodmoor Basin,Named Enemy,
0,,2,Woodblocker,SNPR,5,0,206,VL,82,Indo Tyrant,Floodmoor Basin,Named Enemy,
0,,2,Ruby's Wrath,LNCHR,5,0,153,VL,83,Chonk Stomp,Floodmoor Basin,Legendary Hunt,
0,,2,"Garcia, The",SHTGN,5,0,184,VL,84,Chonk Stomp,Floodmoor Basin,Legendary Hunt,
0,,2,Creeping Death,SHTGN,5,0,43,VL,85,Mother of Grogans,Anvil,Named Enemy,
0,,2,Hornet,PSTL,5,0,82,VL,86,Mother of Grogans,Anvil,Named Enemy,
0,,2,Hunter-Seeker,GRND,5,0,83,VL,87,Mother of Grogans - Dreg & Rage,Anvil,Named Enemy,
0,,2,Quadomizer,LNCHR,5,0,133,VL,88,Mother of Grogans - Dreg & Rage,Anvil,Named Enemy,
0,,2,DE4DEYE,Com,5,0,48,VL,89,Mother of Grogans - Vice,Anvil,Named Enemy,
0,,2,Hex,GRND,5,0,80,VL,90,Sky Bullies,Anvil,Zero Tgt of Opportunity,
0,,2,Rebel Yell,AR,5,0,139,VL,91,Sky Bullies,Anvil,Zero Tgt of Opportunity,
0,,2,Freeman,LNCHR,5,0,68,VL,92,Warden,Anvil,Story Mission Hammerlocked,
0,,5,Plaguebearer^^ - M6,LNCHR,5,M6,361,M,93,Warden / GTD Bosses,Anvil / Shattered Tribunal,Story Mission Hammerlocked / GTD,
0,,2,Stop-Gap,SHLD,5,0,169,VL,94,El Dragon Jr.,Jakobs Estate,Named Enemy,
0,,2,Unleash the Dragon,ARTF,5,0,196,VL,95,El Dragon Jr.,Jakobs Estate,Named Enemy,
0,,2,Rakk Commander,Com,5,0,136,VL,96,Azalea,Jakobs Estate,Witches Brew,
0,,2,Victory Rush - M,ARTF,5,M,198,VL,97,Azalea,Jakobs Estate,Witches Brew,
0,,2,Alchemist,AR,5,0,17,VL,98,Heckle/Hyde,Jakobs Estate,Zero Tgt of Opportunity,
0,,2,Pestilence^^,PSTL,5,0,125,VL,99,Heckle/Hyde / Sylestro,Jakobs Estate / Taz Ruins,Zero Tgt of Opportunity / Named Enemy,
0,,2,Lead Sprinkler,AR,5,0,96,VL,100,"Billy, The Anointed",Jakobs Estate,Story Mission: Lair of the Harpy,
0,,5,Raging Bear (Moze)^^ - M4,Com,5,M4,363,M,101,"Billy, The Anointed / MTD Bosses",Jakobs Estate / Midnight's Cairn,Story Mission: Lair of the Harpy / MTD,
0,,2,"Companion, The",PSTL,5,0,180,VL,102,Anointed X-2/X-3,Anvil,Malevolent Practice,After completing Lair of the Harpy
0,,2,Bear Trooper,Com,5,0,24,VL,103,Anointed X-4,Anvil,Malevolent Practice,After completing Lair of the Harpy
0,,2,Sickle^^,AR,5,0,161,VL,104,Anointed X-4 / Tink of Cunning,Anvil /Ghostlight Beacon,Malevolent Practice / Proving Grounds,After completing Lair of the Harpy
0,,2,Infinity,PSTL,5,0,87,VL,105,Anointed Alpha,Anvil,Malevolent Practice,After completing Lair of the Harpy
0,,2,Linc,PSTL,5,0,97,VL,106,Anointed Alpha,Anvil,Malevolent Practice,After completing Lair of the Harpy
0,,2,Ogre,AR,5,0,121,VL,107,Anointed Alpha,Anvil,Malevolent Practice,After completing Lair of the Harpy
0,,5,S3RV-8OS-EXECUTE^^ - M4,PSTL,5,M4,365,M,108,Anointed X-2 / MTD Bosses,Anvil / Midnight's Cairn,Malevolent Practice / MTD,After completing Lair of the Harpy
0,,2,Face-puncher,SHTGN,5,0,62,VL,109,"Muldock, The Anointed",Floodmoor Basin,Story Mission - The Guns of Reliance,
0,,2,Rectifier,SHLD,5,0,140,VL,110,"Muldock, The Anointed",Floodmoor Basin,Story Mission - The Guns of Reliance,
0,,2,Maggie^^,PSTL,5,0,103,VL,111,Turnkey Tim / Hag of Fervor TT,Floodmoor Basin / Skydrowned Pulpit,Story Mission - The Guns of Reliance / Proving Grounds,True Trial only
0,,2,Shooting Star,SHLD,5,0,159,VL,112,Turnkey Tim,Floodmoor Basin,Story Mission - The Guns of Reliance,
0,,2,Cosmic Crater,ARTF,5,0,41,VL,115,Artemis,Floodmoor Basin,Irregular Customers,After the Guns of Reliance
0,,2,Static Charge,ARTF,5,0,168,VL,116,Artemis,Floodmoor Basin,Irregular Customers,After the Guns of Reliance
0,,2,Headsplosion,SNPR,5,0,76,VL,117,King Bobo,Voracious Canopy,Rumble in the Jungle,
0,,2,Laser-Sploder,AR,5,0,94,VL,118,King Bobo,Voracious Canopy,Rumble in the Jungle,
0,,2,Hellfire - M+ 100%,SMG,5,%,77,VL,119,Jabbermogwai,Voracious Canopy,Legendary Hunt,10% chance on Normal; Guaranteed TVHM or Mayhem
0,,2,Magnificent,PSTL,5,0,104,VL,119,Jabbermogwai,Voracious Canopy,Legendary Hunt,
0,,1,Revengenater,SHLD,3,0,8,U,120,Maxitrillion,Voracious Canopy,Named Enemy,
0,,2,ASMD,SNPR,5,0,18,VL,120,Maxitrillion,Voracious Canopy,Named Enemy,
0,,2,"Horizon, The",SHTGN,5,0,185,VL,120,Maxitrillion,Voracious Canopy,Named Enemy,
0,,2,Polybius,SHTGN,5,0,129,VL,121,GenIVIV,Voracious Canopy,Story Mission,
0,,2,Ten Gallon,SMG,5,0,177,VL,121,GenIVIV,Voracious Canopy,Story Mission,
0,,5,Reflux^^ - M6,SHTGN,5,M6,364,M,122,GenIVIV / GTD Bosses,Voracious Canopy / Shattered Tribunal,Story Mission / GTD,
0,,2,Devil's Foursum,PSTL,5,0,52,VL,123,Psychobillies,Ambermire,Zero Tgt of Opportunity,
0,,2,Electric Banjo,ARTF,5,0,56,VL,124,Psychobillies,Ambermire,Zero Tgt of Opportunity,
0,,2,Kaos,AR,5,0,90,VL,125,Psychobillies,Ambermire,Zero Tgt of Opportunity,
0,,2,Band of Sitorak,SHLD,5,0,21,VL,126,The Unstoppable,Ambermire,Named Enemy,
0,,2,Big Boom Blaster,SHLD,5,0,26,VL,127,The Unstoppable,Ambermire,Named Enemy,
0,,2,Devastator,PSTL,5,0,51,VL,128,The Unstoppable,Ambermire,Named Enemy,
0,,2,Rough Rider,SHLD,5,0,151,VL,130,Red Jabber,Ambermire,Named Enemy,
0,,1,"Ice Queen, The",SNPR,3,0,12,U,133,Aurelia,Blackbarrel Cellars,Story Mission,
0,,2,Firestorm (Grenade),GRND,5,0,65,VL,134,Aurelia,Blackbarrel Cellars,Story Mission,
0,,2,Frozen Heart,SHLD,5,0,71,VL,135,Aurelia,Blackbarrel Cellars,Story Mission,
0,,5,Juliet's Dazzle^^ - M4,AR,5,M4,357,M,136,Aurelia / MTD Bosses,Blackbarrel Cellars / MTD,Story Mission / MTD,
0,,2,Grave,ARTF,5,0,73,VL,137,Graveward,Floating Tomb,Story Mission,
0,,2,"Lob, The ^^",SHTGN,5,0,186,VL,138,Graveward / Skag of Survival TT,Floating Tomb / Gradient of Dawn,Story Mission / Proving Grounds,True Trial only
0,,2,Ward,SHLD,5,0,200,VL,139,Graveward,Floating Tomb,Story Mission,
0,,2,Blast Master,Com,5,0,29,VL,139.5,King Gnasher,Ambermire,Raiders of the Lost Rock,After completing Cold as the Grave
0,,2,"Boring Gun, The",SHTGN,5,0,178,VL,140,Antelope,Devil's Razor,Legendary Hunt,
0,,1,"Hunt(ress), The",SNPR,3,0,11,U,141,Antelope,Devil's Razor,Legendary Hunt,
0,,2,Impaler,SHLD,5,0,85,VL,142,Antelope,Devil's Razor,Legendary Hunt,
0,,2,Embrace the Pain,AR,5,0,58,VL,143,Hot Karl,Devil's Razor,Zero Tgt of Opportunity,
0,,2,Hot Drop,LNCHR,3,0,7,U,144,Hot Karl,Devil's Razor,Zero Tgt of Opportunity,
0,,2,Pain is Power,AR,5,0,124,VL,145,Hot Karl,Devil's Razor,Zero Tgt of Opportunity,
0,,2,Sledge's Shotgun,SHTGN,5,0,163,VL,146,Hot Karl,Devil's Razor,Zero Tgt of Opportunity,
0,,2,Commander Planetoid,ARTF,5,0,39,VL,147,Sheega,Devil's Razor,Sheega's All That,after Boom Boom Boomtown
0,,2,Gatling Gun,AR,5,0,72,VL,148,Sheega,Devil's Razor,Sheega's All That,after Boom Boom Boomtown
0,,2,Malak's Bane,SNPR,5,0,105,VL,149,Phoenix,Splinterlands,Legendary Hunt,
0,,2,Deathless - 28+,ARTF,5,0,49,VL,150,Phoenix Lvl 28+,Splinterlands,Legendary Hunt,LVL 28+
0,,2,Phoenix Tears 28+,ARTF,5,0,128,VL,151,Phoenix Lvl 28+,Splinterlands,Legendary Hunt,LVL 28+
0,,2,Hellshock,PSTL,5,0,78,VL,152,Vermilingua,Splinterlands,The Homestead (Part 2),
0,,2,Tsunami,SMG,5,0,193,VL,153,Vermilingua,Splinterlands,The Homestead (Part 2),
0,,2,Epicenter,GRND,5,0,60,VL,154,DJ Deadsk4g,Splinterlands - Rave Cave,Zero Tgt of Opportunity,
0,,2,Pull Out Method,ARTF,5,0,132,VL,155,DJ Deadsk4g,Splinterlands - Rave Cave,Zero Tgt of Opportunity,
0,,1,Thumper,SHTGN,4,0,14,U,156,DJ Deadsk4g,Splinterlands - Rave Cave,Zero Tgt of Opportunity,
0,,2,Hellwalker,SHTGN,5,0,79,VL,157,Road Dog,Splinterlands,Named Enemy,
0,,2,Redline,SHTGN,5,0,146,VL,158,Road Dog,Splinterlands,Named Enemy,
0,,2,Splattergun,ARTF,5,0,166,VL,159,Road Dog,Splinterlands,Named Enemy,
0,,2,Hive,LNCHR,5,0,81,VL,160,Princess Tarantella II,Splinterlands,Named Enemy,
0,,2,Re-Router,SHLD,5,0,138,VL,161,Princess Tarantella II,Splinterlands,Named Enemy,
0,,2,Roisen's Thorns,PSTL,5,0,150,VL,162,Princess Tarantella II,Splinterlands,Named Enemy,
0,,2,"Transformer, The",SHLD,5,0,187,VL,163,Queen Ant Wanette,Splinterlands,Just Desserts,
0,,2,Warlord,AR,5,0,201,VL,164,Queen Ant Wanette,Splinterlands,Just Desserts,
0,,2,Crossroad,SMG,5,0,45,VL,165,Big Donny,Splinterlands,Story Mission,
0,,2,Safeguard,ARTF,5,0,154,VL,166,Big Donny,Splinterlands,Story Mission,
0,,2,Breeder,PSTL,5,0,35,VL,167,The Big-D (with Big Donny),Splinterlands,Story Mission,
0,,2,Echo,PSTL,5,0,55,VL,168,The Big-D (with Big Donny),Splinterlands,Story Mission,
0,,2,Night Flyer,PSTL,5,0,115,VL,169,I'm Rakkman,Carnivora,Named Enemy,
0,,2,Moxxi's Endowment,ARTF,5,0,112,VL,170,Tink Train,Guts of Carnivora,Named Enemy,
0,,2,Wagon Wheel,PSTL,5,0,199,VL,171,Tink Train,Guts of Carnivora,Named Enemy,
0,,1,Agonizer 1500,LNCHR,4,0,1,U,172,Agonizer 9000 / Pain,Guts of Carnivora,Story Mission - Blood Drive,
0,,2,Damned,AR,5,0,47,VL,173,Agonizer 9000,Guts of Carnivora,Story Mission - Blood Drive,
0,,2,Loaded Dice,ARTF,5,0,99,VL,174,Agonizer 9000 / Pain,Guts of Carnivora,Story Mission - Blood Drive,
0,,2,"Dictator, The",AR,5,0,181,VL,175,Agonizer 9000 - Terror,Guts of Carnivora,Story Mission - Blood Drive,
0,,2,White Elephant,ARTF,5,0,204,VL,176,Agonizer 9000 - Terror 1.2%,Guts of Carnivora,Story Mission - Blood Drive,
0,,5,Crader's EM-P5^^ - M4,SMG,5,M4,354,M,177,Agonizer 9000 / MTD Bosses,Guts of Carnivora / MTD,Story Mission - Blood Drive / MTD,
0,,5,Backburner^^^ - M6,LNCHR,5,M6,353,M,178,Agonizer 9000 / GTD Bosses / Tyrant of instinct TT,Guts of Carn. / Shattered Trib. / Wayward T,Story Mission / GTD / Proving Grouds True Trial,True Trial only
0,,2,Bangarang,PSTL,5,0,22,VL,179,Thunk,Konrad's Hold,Named Enemy,
0,,2,Fastball,GRND,5,0,64,VL,180,Thunk,Konrad's Hold,Named Enemy,
0,,2,Mongol,LNCHR,5,0,109,VL,181,Thunk & Sloth,Konrad's Hold,Named Enemy,
0,,2,It's Piss,GRND,5,0,88,VL,182,Sloth,Konrad's Hold,Named Enemy,
0,,2,Flakker,SHTGN,5,0,67,VL,183,Manvark,Konrad's Hold,Legendary Hunt,
0,,2,Try-Bolt,AR,5,0,192,VL,184,Manvark,Konrad's Hold,Legendary Hunt,
0,,1,Chomper,SHTGN,3,0,3,U,185,Lagromar,Konrad's Hold,The Demon in the Dark,Mission Reward
0,,2,Long Musket,SMG,5,0,100,VL,186,Lagromar,Konrad's Hold,The Demon in the Dark,
0,,2,"Flood, The",PSTL,5,0,183,VL,187,Lagromar,Konrad's Hold,The Demon in the Dark,
0,,5,Shredifier*,ARTF,5,0,160,VL,188,Raging Titan,Slaughtershaft,Circle of Slaughter,
0,,5,Tina's Hippity Hopper*,GRND,5,0,189,VL,189,Raging Titan,Slaughtershaft,Circle of Slaughter,
0,,5,Zheitsev's Eruption^^ - M4,AR,5,M4,370,M,190,Titan / MTD Bosses,Slaughtershaft / MTD,Circle of Slaughter / MTD,
0,,1,Bone Shredder,PSTL,3,0,2,U,193,Crushjaw,Cathedral of the Twin Gods,Zero Tgt of Opportunity,
0,,2,Jericho,LNCHR,5,0,89,VL,194,Crushjaw,Cathedral of the Twin Gods,Zero Tgt of Opportunity,
0,,2,Whiskey Tango Foxtrot,GRND,5,0,203,VL,195,Crushjaw,Cathedral of the Twin Gods,Zero Tgt of Opportunity,
0,,2,Occultist,PSTL,5,0,120,VL,196,Troy,Great Vault,Story Mission,
0,,5,Vosk's Deathgrip^^ - M4,SHTGN,5,M4,369,M,197,Troy / MTD Bosses,Great Vault / MTD,Story Mission / MTD,
0,,2,Otto Idol,ARTF,5,0,123,VL,197.1,"Rachel, The Anointed",Cathedral of the Twin Gods,Story Mission,won't respawn until after defeating Troy
0,,2,Techspert,Com,5,0,176,VL,197.2,"Rachel, The Anointed",Cathedral of the Twin Gods,Story Mission,won't respawn until after defeating Troy
0,,5,Bloodletter,Com,5,0,30,VL,198,Skag of Surv,Gradient of Dawn,Proving Grounds,
0,,5,Breaker,Com,5,0,33,VL,199,Skag of Surv,Gradient of Dawn,Proving Grounds,
0,,5,Cosmic Stalker,Com,5,0,42,VL,200,Tyrant of Inst,Wayward Tether,Proving Grounds,
0,,5,Red Fang,com,5,0,143,VL,201,Tyrant of Inst,Wayward Tether,Proving Grounds,
0,,5,Dragon,Com,5,0,54,VL,202,Tink of Cunning,Ghostlght Beacon,Proving Grounds,
0,,5,R4kk P4kk (FL4K)^^ - M4,Com,5,M4,362,M,203,Tink of Cunning / MTD Bosses,Ghostlght Beacon / Midnight's Cairn,Proving Grounds / MTD,
0,,5,Phasezerker,com,5,0,126,VL,204,Hag of Fervor,Skydrowned Pulpit,Proving Grounds,
0,,5,Shockerator,Com,5,0,158,VL,205,Hag of Fervor,Skydrowned Pulpit,Proving Grounds,
0,,5,Friend-Bot,Com,5,0,69,VL,205.5,Arbalest of Disc,Precipice Anchor,Proving Grounds,
0,,5,Antifreeze (Zane)^^ - M4,Com,5,M4,352,M,205.5,Arbalest of Disc / MTD Bosses,Precipice Anchor / MTD,Proving Grounds / MTD,
0,,5,Elementalist,Com,5,0,57,VL,205.6,Sera of Supremacy,Hall Obsidian,Proving Grounds,
0,,5,Nimbus,com,5,0,118,VL,205.6,Sera of Supremacy,Hall Obsidian,Proving Grounds,
0,,5,Atlas Replay^^,PSTL,5,0,325,DLC,205.6,Sera of Supremacy TT / Hemovorous,Hall Obsidian / Darkthirst Dom.,Proving Grounds TRUE TRIAL / Raid Boss,True Trial only
0,,2,Breath of the Dying,AR,5,0,34,VL,206,Blinding Banshee,Desolation's Edge,Legendary Hunt,
0,,2,Red Queen,GRND,5,0,144,VL,207,Blinding Banshee,Desolation's Edge,Legendary Hunt,
0,,1,Shrieking Devil,SHTGN,3,0,9,U,208,Blinding Banshee,Desolation's Edge,Legendary Hunt,
0,,2,Recursion,SHTGN,5,0,141,VL,209,General Traunt,Desolation's Edge,Story Mission,
0,,5,D.N.A.^^ - M6,SMG,5,M6,355,M,210,General Traunt / GTD Bosses,Desolation's Edge / Shattered Tribunal,Story Mission / GTD,
0,,2,Launch Pad - WD,ARTF,5,0,95,VL,211,Red Rain / World Drop,Slaughterstar 3000,Circle of Slaughter,
0,,2,Rocket Boots - WD,ARTF,5,0,148,VL,212,Blue Fire / World Drop,Slaughterstar 3000,Circle of Slaughter,
0,,2,Rowan's Call - WD,AR,5,0,152,VL,213,Red Rain / World Drop,Slaughterstar 3000,Circle of Slaughter,
0,,2,EMP,GRND,5,0,59,VL,214,Atomic & Sylestro - Atomic,Tazendeer Ruins,Zero Tgt of Opportunity,
0,,2,Faisor,AR,5,0,63,VL,215,Atomic & Sylestro - Atomic,Tazendeer Ruins,Zero Tgt of Opportunity,
0,,2,Red Suit,SHLD,5,0,145,VL,216,Atomic & Sylestro - Atomic,Tazendeer Ruins,Zero Tgt of Opportunity,
0,,5,Spiritual Driver (Amara)^^- M4,Com,5,M4,367,M,217,Sylestro / MTD Bosses,Tazendeer Ruins / Midnight's Cairn,Zero Tgt of Opportunity / MTD,
0,,2,Bounty Hunter (FL4K),Com,5,0,31,VL,218,Lt. Preston,Tazendeer Ruins,Story Mission,
0,,2,Scorpio,PSTL,5,0,156,VL,219,Lt. Preston,Tazendeer Ruins,Story Mission,
0,,2,Bitch,SMG,5,0,27,VL,220,Tyreen the Destroyer,Desolation's Rift,Story Mission,
0,,2,King's Call / Queen's Call,PSTL,5,0,92,VL,221,Tyreen the Destroyer,Desolation's Rift,Story Mission,
0,,5,Kyb's Worth - MTD,SMG,5,%,337,TD,227,Wotan,Midnight's Cairn,Takedown - MTD,
0,,5,Moonfire - MTD,PSTL,5,%,338,TD,228,Wotan,Midnight's Cairn,Takedown - MTD,
0,,5,Re-Charge Berner - MTD,SHLD,5,%,339,TD,229,Valkyrie Squad,Midnight's Cairn,Takedown - MTD,
0,,5,Red Card Re-Charger - MTD,SHLD,5,%,340,TD,230,Valkyrie Squad,Midnight's Cairn,Takedown - MTD,
0,,5,Snowshoe - MTD,SHLD,5,%,342,TD,231,Valkyrie Squad,Midnight's Cairn,Takedown - MTD,
0,,5,Version 0.m - MTD,SHLD,5,%,344,TD,232,Valkyrie Squad,Midnight's Cairn,Takedown - MTD,
0,,5,Redistributor - MTD,SMG,5,%,341,TD,233,Wotan,Midnight's Cairn,Takedown - MTD,
0,,5,Tiggs' Boom - MTD,SHTGN,5,%,343,TD,234,Wotan,Midnight's Cairn,Takedown - MTD,
0,,10,TNTina - GTD,PSTL,5,%,350,TD,235,Anathema,Minos Prime,Takedown - GTD,
0,,10,Aesclepius - GTD,SHLD,5,%,345,TD,236,Anathema,Minos Prime,Takedown - GTD,
0,,10,Globetrottr - GTD,LNCHR,5,%,346,TD,237,Scourge,Minos Prime,Takedown - GTD,
0,,10,Smog - GTD,SMG,5,%,348,TD,238,Scourge,Minos Prime,Takedown - GTD,
0,,10,Web Slinger - GTD,SMG,5,%,351,TD,239,Scourge,Minos Prime,Takedown - GTD,
0,,10,Lightspeed - GTD,GRND,5,%,347,TD,240,Anathema,Minos Prime,Takedown - GTD,
0,,10,Stinger - GTD,SHLD,5,%,349,TD,241,Anathema,Minos Prime,Takedown - GTD,
0,,2,ION LASER,SMG,5,0,231,DLC,242,Evil Saint Lawrence,Market District,Handome Jackpot DLC - Mayor's Killer Look,
0,,2,Creamer,LNCHR,5,0,226,DLC,243,Junpai Goat Eater,Vice District,Handome Jackpot DLC - Mayor's Killer Look,
0,,2,Slow Hand,SHTGN,5,0,235,DLC,244,DEGEN-3,Impound Delux,Handome Jackpot DLC - Mayor's Killer Look,
0,,2,Heart Breaker,SHTGN,5,0,229,DLC,245,The Gorgeous Armada,The Compactor,Handome Jackpot DLC,
0,,2,Boomer,SMG,5,0,223,DLC,246,Scraptrap Prime,Compactor,Handome Jackpot DLC,
0,,2,Lucky 7^^,PSTL,5,0,232,DLC,247,Scraptrap Prime / Skag of Survival TT,Compactor / Gradient of Dawn,Handome Jackpot DLC, / True Trial only
0,,1,ION CANNON,LNCHR,5,0,230,DLC,248,Fabfricator,Jack's Secret,Handome Jackpot DLC,
0,,2,Nukem,LNCHR,5,0,233,DLC,249,Loco Chantelle,VIP Tower,Handome Jackpot DLC,
0,,2,AutoAime,SNPR,5,0,222,DLC,250,Freddy,VIP Tower,Handome Jackpot DLC,
0,,2,Golden Rule - wd,Com,5,0,227,DLC,251,Jackbot / World Drop,VIP Tower / World Drop,Handome Jackpot DLC,
0,,2,Green Monster - wd,com,5,0,228,DLC,252,Jackbot / World Drop,VIP Tower / World Drop,Handome Jackpot DLC,
0,,2,Seein' Dead - wd,Com,5,0,234,DLC,253,Jackbot / World Drop,VIP Tower / World Drop,Handome Jackpot DLC,
0,,2,St4ckbot - wd,Com,5,0,236,DLC,254,Jackbot / World Drop,VIP Tower / World Drop,Handome Jackpot DLC,
0,,2,Cheap Tips,SMG,5,0,224,DLC,255,Jackbot,VIP Tower,Handome Jackpot DLC,
0,,2,Craps,PSTL,5,0,225,DLC,256,Jackbot,VIP Tower,Handome Jackpot DLC,
0,,2,SF Force,SMG,5,0,254,DLC,257,DJ Spinsmouth,Skittermaw Basin,GLT DLC - Sinister Sounds,
0,,2,Little Yeeti,PSTL,5,0,245,DLC,258,Yeti,Skittermaw Basin,GLT DLC - Legendary Hunt,farm from cankerwood
0,,2,Clairvoyance,AR,5,0,238,DLC,259,Kritchy,Cursehaven,GLT DLC,
0,,2,Seeryul Killer,AR,5,0,253,DLC,260,Amach,Cursehaven,GLT DLC (after shadow over cursehaven),
0,,2,Unseen Threat,SNPR,5,0,262,DLC,261,Amach,Cursehaven,GLT DLC (after shadow over cursehaven),
0,,2,Oldridian,SMG,5,0,251,DLC,262,Empowered Scholar,Dustbound Archives,GLT DLC,
0,,2,Void Rift,SHLD,5,0,263,DLC,263,Empowered Scholar,Dustbound Archives,GLT DLC,
0,,2,Mutant,AR,5,0,248,DLC,264,Fungal Gorger,Cankerwood,GLT DLC - Named Enemy,
0,,2,Stone (Amara),Com,5,0,259,DLC,265,Fungal Gorger,Cankerwood,GLT DLC - Named Enemy,
0,,2,Nothingness,SHTGN,5,0,249,DLC,266,Gmork,Cankerwood,GLT DLC,
0,,2,Torch,SHLD,5,0,260,DLC,267,Gmork,Cankerwood,GLT DLC,
0,,2,Flama Diddle,SHTGN,5,0,241,DLC,268,Wendigo,Cankerwood,GLT DLC,
0,,2,Stauros Burn,AR,5,0,258,DLC,269,Wendigo,Cankerwood,GLT DLC,
0,,2,Hydrafrost,PSTL,5,0,243,DLC,270,Shiverous,Negul Neshai,GLT DLC,save just past the enemy
0,,2,Tr4iner (FL4K),Com,5,0,261,DLC,271,Shiverous,Negul Neshai,GLT DLC,save just past the enemy
0,,2,Conductor (Zane),Com,5,0,240,DLC,272,Voltborn,Negul Neshai,GLT DLC - Named Enemy,
0,,2,Shocker,SHTGN,5,0,255,DLC,273,Voltborn,Negul Neshai,GLT DLC - Named Enemy,
0,,2,Anarchy,SHTGN,5,0,237,DLC,274,Kukuwajack,Negul Neshai,GLT DLC - Legendary Hunt,
0,,2,Frozen Devil,PSTL,5,0,242,DLC,275,Kukuwajack,Negul Neshai,GLT DLC - Legendary Hunt,
0,,2,Lunacy,ARTF,5,0,247,DLC,276,Empowered Grawn,Negul Neshai,GLT DLC,
0,,2,Sapper (Moze),Com,5,0,252,DLC,277,Empowered Grawn,Negul Neshai,GLT DLC,
0,,2,Insider,SHTGN,5,0,244,DLC,278,Tom & Xam,Heart's Desire,GLT DLC,
0,,2,Soulrender,AR,5,0,257,DLC,279,Tom & Xam,Heart's Desire,GLT DLC,
0,,2,Love Drill,PSTL,5,0,246,DLC,280,Eleanor,The Heart,GLT DLC,
0,,2,Old God,SHLD,5,0,250,DLC,281,Eleanor,The Heart,GLT DLC,
0,,2,Skullmasher^^,SNPR,5,0,256,DLC,282,Eista the Invincible / Tink of Cunning TT,Skittermaw Basin / Ghostlight Beacon,GLT DLC Slass / Proving Grounds,Farmable After We Slass III / Tink of Cuning True Trial Only
0,,2,Cocky Bastard,SNPR,5,0,239,DLC,283,Eista the Invincible,Skittermaw Basin,GLT DLC,
0,,2,Satisfaction,LNCHR,5,0,281,DLC,284,Vorducken,Blastplains,BoB DLC - Hunt Target,
0,,2,Plumage,LNCHR,5,0,278,DLC,285,Wrendon Esk,Blastplains,BoB DLC - Most Wanted,
0,,2,Brightside,SHTGN,5,0,266,DLC,286,Bronsons,Blastplains,BoB DLC - Most Wanted,
0,,2,"Blanc, The",PSTL,5,0,284,DLC,287,Ipswitch Dunne,Blastplains,BoB DLC - Most Wanted,
0,,2,Contained Blast,AR,5,0,269,DLC,288,Abbadoxis,Ashfall Peaks,BoB DLC - Hunt Target,
0,,2,Complex Root,SNPR,5,0,268,DLC,289,Lani Dixon,Ashfall Peaks,BoB DLC - Most Wanted,
0,,2,Robin's Call,SHTGN,5,0,280,DLC,290,Garriden Loch,Ashfall Peaks,BoB DLC - Most Wanted,
0,,2,Narp,SNPR,5,0,277,DLC,291,Haddon Marr,Ashfall Peaks,BoB DLC - Most Wanted,
0,,2,Stonethrower,AR,5,0,283,DLC,292,Kormash,Ashfall Peaks,BoB DLC - story mission,
0,,2,Light Show,PSTL,5,0,274,DLC,293,Lasodactyl,Obsidian Forest,BoB DLC - Hunt Target,
0,,2,Proprietary License,smg,5,0,279,DLC,294,The Hydragoian,Obsidian Forest,BoB DLC - Hunt Target,
0,,2,Spade,SHTGN,5,0,282,DLC,295,Waylon Hurd,Obsidian Forest,BoB DLC - Most Wanted,
0,,2,Frequency,SHTGN,5,0,272,DLC,296,Lectrikor,Obsidian Forest,BoB DLC - Hunt Target,
0,,2,Chandelier,SHTGN,5,0,267,DLC,297,Bellik Primis,Obsidian Forest - The Shrapnel,BoB DLC - story mission,near start of map BUT must circle back after mission end
0,,2,Dowsing Rod,AR,5,0,270,DLC,298,Pteradomini,Blastplains,BoB DLC - Hunt Target,unlock telezappers first (after Obsidian Forest)
0,,2,Mother Too,SMG,5,0,276,DLC,299,Slithermaw,Blastplains,BoB DLC - Hunt Target,unlock telezappers first (after Obsidian Forest)
0,,2,Flipper^^,SMG,5,0,271,DLC,300,Minosaur / Arbalest of Discipline,Bloodsun Canyon / Precipice Anchor,BoB DLC - Hunt Target / Proving Grounds,True Trial only
0,,2,Beacon,PSTL,5,0,264,DLC,301,Jerrick Logan,Bloodsun Canyon,BoB DLC - Most Wanted,
0,,2,Gargoyle,PSTL,5,0,273,DLC,302,Dickon Goyle,Bloodsun Canyon,BoB DLC - Most Wanted,
0,,2,Unkempt Harold,PSTL,5,0,285,DLC,303,Caber Dowd,Bloodsun Canyon,BoB DLC - Most Wanted,
0,,2,Miscreant,PSTL,5,0,275,DLC,304,"Quartermaster, The",Bloodsun Canyon,BoB DLC - story mission,
0,,2,Bloom,PSTL,5,0,265,DLC,305,The Ruiner,Crater's Edge,BoB DLC - story mission,
0,,2,Flare (Moze),Com,5,0,290,DLC,306,Evil Mordecai,Castle Crimson,Kreig DLC,
0,,2,Septimator Prime,SNPR,5,0,300,DLC,307,Evil Mordecai,Castle Crimson,Kreig DLC,
0,,2,Lovable Rogue,AR,5,0,292,DLC,308,Evil Brick,Castle Crimson,Kreig DLC,
0,,2,P.A.T. Mk. III,SMG,5,0,295,DLC,309,SpongeBoss,Castle Crimson,Kreig DLC,
0,,2,Blood-Starved Beast,SMG,5,0,287,DLC,310,Evil Lilith,Castle Crimson,Kreig DLC,
0,,2,Prompt Critical,PSTL,5,0,298,DLC,311,Evil Lilith,Castle Crimson,Kreig DLC,
0,,2,Muse (Amara),Com,5,0,294,DLC,312,Evil Lilith,Castle Crimson,Kreig DLC,
0,,2,Hustler (Zane),Com,5,0,291,DLC,313,Locomöbius,Sapphire's Run,Kreig DLC,
0,,2,Blind Sage,SHTGN,5,0,286,DLC,314,Locomöbius,Sapphire's Run,Kreig DLC,
0,,2,Faulty Star,SHLD,5,0,289,DLC,315,Locomöbius,Sapphire's Run,Kreig DLC,
0,,2,Convergence^^,SHTGN,5,0,288,DLC,316,Dr. Benedict / Hag of Fervor,Benediction of Pain / Skydrowned Pulpit,Kreig DLC / Proving Ground,True Trial only
0,,2,Peregrine (FL4K),com,5,0,296,DLC,317,Dr. Benedict,Benediction of Pain,Kreig DLC,
0,,2,Plus Ultra,SHLD,5,0,297,DLC,318,Dr. Benedict,Benediction of Pain,Kreig DLC,
0,,2,Major Kong,LNCHR,5,0,293,DLC,319,Psychoreaver,Vaulthalla,Kreig DLC,
0,,2,Rebound,AR,5,0,299,DLC,320,Psychoreaver,Vaulthalla,Kreig DLC,
0,,5,3RROR Cmdl3t (FL4K) - wd,Com,5,0,301,DLC,321,Hvywt Harker / Chest / AR World Drop,Stormblind Complex,Arms Race DLC,
0,,2,Beskar - wd,SHLD,5,0,302,DLC,322,Hvywt Harker / Chest / AR World Drop,Stormblind Complex,Arms Race DLC,
0,,2,Binary Operator - wd,SNPR,5,0,303,DLC,323,Hvywt Harker / Chest / AR World Drop,Stormblind Complex,Arms Race DLC,
0,,2,Boogeyman - wd,SNPR,5,0,304,DLC,324,Hvywt Harker / Chest / AR World Drop,Stormblind Complex,Arms Race DLC,
0,,2,Critical Thug - wd,SHTGN,5,0,305,DLC,325,Hvywt Harker / Chest / AR World Drop,Stormblind Complex,Arms Race DLC,
0,,2,Dark Army - wd,SMG,5,0,306,DLC,326,Hvywt Harker / Chest / AR World Drop,Stormblind Complex,Arms Race DLC,
0,,2,Deathrattle - wd,ARTF,5,0,307,DLC,327,Hvywt Harker / Chest / AR World Drop,Stormblind Complex,Arms Race DLC,
0,,5,Eternal Flame (Moze) - wd,Com,5,0,308,DLC,328,Hvywt Harker / Chest / AR World Drop,Stormblind Complex,Arms Race DLC,
0,,2,Firefly - wd,PSTL,5,0,309,DLC,329,Hvywt Harker / Chest / AR World Drop,Stormblind Complex,Arms Race DLC,
0,,2,Gas Mask - wd,SHLD,5,0,310,DLC,330,Hvywt Harker / Chest / AR World Drop,Stormblind Complex,Arms Race DLC,
0,,2,Holy Grail - wd,ARTF,5,0,311,DLC,331,Hvywt Harker / Chest / AR World Drop,Stormblind Complex,Arms Race DLC,
0,,2,HOT Spring - wd,GRND,5,0,313,DLC,332,Hvywt Harker / Chest / AR World Drop,Stormblind Complex,Arms Race DLC,
0,,2,Hotfoot Teddy - wd,AR,5,0,312,DLC,333,Hvywt Harker / Chest / AR World Drop,Stormblind Complex,Arms Race DLC,
0,,2,Infernal Wish - wd,SHLD,5,0,314,DLC,334,Hvywt Harker / Chest / AR World Drop,Stormblind Complex,Arms Race DLC,
0,,5,Kensei (Amara) - wd,Com,5,0,316,DLC,335,Hvywt Harker / Chest / AR World Drop,Stormblind Complex,Arms Race DLC,
0,,2,Kickcharger - wd,LNCHR,5,0,315,DLC,336,Hvywt Harker / Chest / AR World Drop,Stormblind Complex,Arms Race DLC,
0,,2,Madcap - wd,SHLD,5,0,317,DLC,337,Hvywt Harker / Chest / AR World Drop,Stormblind Complex,Arms Race DLC,
0,,2,Plasma Coil - wd,SMG,5,0,318,DLC,338,Hvywt Harker / Chest / AR World Drop,Stormblind Complex,Arms Race DLC,
0,,2,Res - wd,PSTL,5,0,319,DLC,339,Hvywt Harker / Chest / AR World Drop,Stormblind Complex,Arms Race DLC,
0,,5,Spy (Zane) - wd,Com,5,0,320,DLC,340,Hvywt Harker / Chest / AR World Drop,Stormblind Complex,Arms Race DLC,
0,,2,Tizzy - wd,PSTL,5,0,321,DLC,341,Hvywt Harker / Chest / AR World Drop,Stormblind Complex,Arms Race DLC,
0,,2,Toboggan - wd,ARTF,5,0,322,DLC,342,Hvywt Harker / Chest / AR World Drop,Stormblind Complex,Arms Race DLC,
0,,2,Torrent - wd,SMG,5,0,323,DLC,343,Hvywt Harker / Chest / AR World Drop,Stormblind Complex,Arms Race DLC,
0,,2,Trickshot - wd,PSTL,5,0,324,DLC,344,Hvywt Harker / Chest / AR World Drop,Stormblind Complex,Arms Race DLC,
0,,5,Company Man,ARTF,5,0,326,DLC,345,Hemovorous,Darkthirst Dominion,Director's Cut DLC,
0,,5,Ionic Disruptor,SNPR,5,%,331,DLC,346,Hemovorous,Darkthirst Dominion,Director's Cut DLC,
0,,5,Ringer,GRND,5,%,334,DLC,347,Hemovorous,Darkthirst Dominion,Director's Cut DLC,
0,,2,Re-Volter,SHLD,5,0,333,DLC,348,Sumo,Eschaton Row,Director's Cut DLC,
0,,2,Mesmer,GRND,5,0,332,DLC,349,Gravekeeper,Enoch's Grove,Director's Cut DLC,
0,,2,Free Radical,PSTL,5,0,329,DLC,350,Beef Plisken,Karass Canyon,Director's Cut DLC,
0,,2,Redeye Rocket Pod,LNCHR,5,0,335,DLC,351,The Seer,Scryer's Crypt,Director's Cut DLC,
0,,5,Critical Mass (Zane),Com,5,0,327,DLC,352,The Seer,Scryer's Crypt,Director's Cut DLC,
0,,5,Death's Blessing (Amara),Com,5,0,328,DLC,353,The Seer,Scryer's Crypt,Director's Cut DLC,
0,,5,Heat Exchanger (Moze),Com,5,0,330,DLC,354,The Seer,Scryer's Crypt,Director's Cut DLC,
0,,5,Roll Reversal (FL4K),Com,5,0,336,DLC,355,The Seer,Scryer's Crypt,Director's Cut DLC,
0,,2,Fearmonger - wd,SHTGN,5,0,218,DLC,356,Captain Haunt / Loot Ghosts,Everywhere,Bloody Harvest Event,
0,,2,Ghast Call - wd,GRND,5,0,219,DLC,357,Captain Haunt / Loot Ghosts,Everywhere,Bloody Harvest Event,
0,,2,Scream of Terror - wd,SHLD,5,0,220,DLC,358,Captain Haunt / Loot Ghosts,Everywhere,Bloody Harvest Event,
0,,2,Stalker - wd,SNPR,5,0,221,DLC,359,Captain Haunt / Loot Ghosts,Everywhere,Bloody Harvest Event,
0,,2,Terminal Polyaimorous - wd,SMG,5,0,216,VL,360,50 Broken Hearts,Everywhere,Broken Hearts Event,
0,,2,Wedding Invitation - wd,SNPR,5,0,217,VL,361,100 Broken Hearts,Everywhere,Broken Hearts Event,
0,,2,Firewall - wd,SHLD,5,0,207,VL,362,Josie Byte / Firewall / Joey Ultraviolet,Everywhere / Villa Ultraviolet,Cartels Event,
0,,2,Needlegun - wd,SMG,5,0,211,VL,363,Josie Byte / Firewall / Joey Ultraviolet,Everywhere / Villa Ultraviolet,Cartels Event,
0,,2,O.PQ. System - wd,AR,5,0,213,VL,364,Josie Byte / Firewall / Joey Ultraviolet,Everywhere / Villa Ultraviolet,Cartels Event,
0,,2,Fish Slap - wd,GRND,5,0,208,VL,365,FISH SLAP! / Tyrone / Joey,Everywhere / Villa Ultraviolet,Cartels Event,
0,,2,Wattson - wd,SHLD,5,0,214,VL,366,FISH SLAP! / Tyrone / Joey,Everywhere / Villa Ultraviolet,Cartels Event,
0,,2,Yellowcake - wd,LNCHR,5,0,215,VL,367,FISH SLAP! / Tyrone / Joey,Everywhere / Villa Ultraviolet,Cartels Event,
0,,2,Greasetrap - wd,PSTL,5,0,209,VL,368,Roaster / Tenderizer / Joey Ultraviolet,Everywhere / Villa Ultraviolet,Cartels Event,
0,,2,Iceburger - wd,SHTGN,5,0,210,VL,369,Roaster / Tenderizer / Joey Ultraviolet,Everywhere / Villa Ultraviolet,Cartels Event,
0,,2,NoPewPew - wd,AR,5,0,212,VL,370,Roaster / Tenderizer / Joey Ultraviolet,Everywhere / Villa Ultraviolet,Cartels Event,